banusicode,banusiname,N,wins,place_2nd3rd,drops,promo_risk_count,win_rate,rate_2nd3rd,drop_rate,p_value_win,p_bh_win,p_value_2nd3rd,p_bh_2nd3rd
002803,キーファーズ,146,18,43,85,136,0.1232876712328767,0.2945205479452055,0.5821917808219178,0.00369967796005313,0.2491116493102441,0.5510238701562089,0.9972659797981572
003060,ゴドルフィン,959,223,274,462,916,0.23253388946819603,0.2857142857142857,0.48175182481751827,0.9353869563733745,0.9998664685304478,0.7758367447454249,0.9972659797981572
003060,Ｈ．Ｈ．シェイク・モハメド,394,81,103,210,298,0.20558375634517767,0.2614213197969543,0.5329949238578681,0.3892884093163952,0.9998664685304478,0.94383652148506,0.9972659797981572
005803,キャピタル・システム,178,45,49,84,156,0.25280898876404495,0.2752808988764045,0.47191011235955055,0.9160030005432169,0.9998664685304478,0.7559396099222042,0.9972659797981572
006030,佐々木　主浩,64,26,17,21,54,0.40625,0.265625,0.328125,0.9998664685304478,0.9998664685304478,0.7470770220521281,0.9972659797981572
007803,大川　徹,250,64,64,122,240,0.256,0.256,0.488,0.9569356387800844,0.9998664685304478,0.9305952868857004,0.9972659797981572
008803,原　禮子,161,34,48,79,156,0.2111801242236025,0.2981366459627329,0.4906832298136646,0.5247734983963678,0.9998664685304478,0.5105276867670385,0.9972659797981572
010803,市川義美ホールディングス,143,29,38,76,143,0.20279720279720279,0.26573426573426573,0.5314685314685315,0.43125488517116184,0.9998664685304478,0.8138530212994272,0.9972659797981572
011008,平田　修,55,11,18,26,55,0.2,0.32727272727272727,0.4727272727272727,0.48539200199943167,0.9998664685304478,0.3553902876963826,0.9972659797981572
013803,ディアレストクラブ,139,23,40,76,131,0.16546762589928057,0.28776978417266186,0.5467625899280576,0.101034424110298,0.8744151555077834,0.6194999233785577,0.9972659797981572
015008,青山　洋一,114,24,29,61,107,0.21052631578947367,0.2543859649122807,0.5350877192982456,0.5299013910076336,0.9998664685304478,0.861690212884713,0.9972659797981572
017803,吉川　潤,50,19,12,19,50,0.38,0.24,0.38,0.9979199162516451,0.9998664685304478,0.8485217293780861,0.9972659797981572
019004,加藤　守,94,18,37,39,89,0.19148936170212766,0.39361702127659576,0.4148936170212766,0.3596859886809402,0.9998664685304478,0.02771173660576204,0.6407542300021789
019800,さくらコマース,91,24,27,40,56,0.26373626373626374,0.2967032967032967,0.43956043956043955,0.9029695373238124,0.9998664685304478,0.5370129127708336,0.9972659797981572
026803,ＤＭＭドリームクラブ,177,34,48,95,166,0.192090395480226,0.2711864406779661,0.536723163841808,0.2837062278066256,0.9998664685304478,0.7919342289461689,0.9972659797981572
032800,ローレルレーシング,90,23,17,50,81,0.25555555555555554,0.18888888888888888,0.5555555555555556,0.867218824276354,0.9998664685304478,0.9926823710198193,0.9972659797981572
033700,アポロサラブレッドクラブ,98,22,31,45,95,0.22448979591836735,0.3163265306122449,0.45918367346938777,0.6641277010094591,0.9998664685304478,0.36899725937886935,0.9972659797981572
037803,廣崎利洋ＨＤ,150,30,54,66,145,0.2,0.36,0.44,0.3944849175216239,0.9998664685304478,0.05489575174329924,0.796902167102681
039030,宇田　豊,63,12,16,35,59,0.19047619047619047,0.25396825396825395,0.5555555555555556,0.4003649587643636,0.9998664685304478,0.8081171011219441,0.9972659797981572
041002,前田　晋二,134,34,36,64,119,0.2537313432835821,0.26865671641791045,0.47761194029850745,0.8944965608193036,0.9998664685304478,0.7861435490884753,0.9972659797981572
045803,カナヤマホールディングス,265,57,90,118,256,0.21509433962264152,0.33962264150943394,0.44528301886792454,0.57032468311912,0.9998664685304478,0.07164223914462342,0.796902167102681
046803,フクキタル,57,13,18,26,56,0.22807017543859648,0.3157894736842105,0.45614035087719296,0.6795874492092434,0.9998664685304478,0.42292888957076236,0.9972659797981572
051800,那須野牧場,55,9,12,34,53,0.16363636363636364,0.21818181818181817,0.6181818181818182,0.23830387254485574,0.9998664685304478,0.9255316889084891,0.9972659797981572
051803,ＫＴレーシング,50,9,19,22,49,0.18,0.38,0.44,0.35722474075973576,0.9998664685304478,0.1282209464158069,0.8371640023788656
052803,大迫　久美子,70,10,30,30,67,0.14285714285714285,0.42857142857142855,0.42857142857142855,0.09543444285153971,0.8744151555077834,0.012805653203297808,0.6407542300021789
053803,杉山　忠国,155,30,44,81,142,0.1935483870967742,0.2838709677419355,0.5225806451612903,0.3173661130487669,0.9998664685304478,0.6626194181523642,0.9972659797981572
059803,加藤ステーブル,67,14,20,33,60,0.208955223880597,0.29850746268656714,0.4925373134328358,0.5395850981506075,0.9998664685304478,0.5309954969301471,0.9972659797981572
061800,永井商事,66,15,17,34,58,0.22727272727272727,0.25757575757575757,0.5151515151515151,0.6768926072204724,0.9998664685304478,0.7937157482134632,0.9972659797981572
063803,諸江　幸祐,64,10,20,34,60,0.15625,0.3125,0.53125,0.17053015865615861,0.9177326475544092,0.43517640951426867,0.9972659797981572
064700,Ｈｉｍ　Ｒｏｃｋ　Ｒａｃｉｎｇ,63,15,19,29,40,0.23809523809523808,0.30158730158730157,0.4603174603174603,0.7453604853683022,0.9998664685304478,0.5115408878795533,0.9972659797981572
065803,京都ホースレーシング,62,10,18,34,59,0.16129032258064516,0.2903225806451613,0.5483870967741935,0.20379218310145236,0.9998664685304478,0.5892407304820553,0.9972659797981572
072803,スリーエイチレーシング,94,19,22,53,94,0.20212765957446807,0.23404255319148937,0.5638297872340425,0.4583853001009067,0.9998664685304478,0.9273432606513247,0.9972659797981572
075800,千明牧場,50,13,15,22,49,0.26,0.3,0.44,0.8387086517562286,0.9998664685304478,0.5310500004358569,0.9972659797981572
075803,サトミホースカンパニー,273,57,89,127,264,0.2087912087912088,0.326007326007326,0.4652014652014652,0.4693811463183055,0.9998664685304478,0.15748629747721235,0.8371640023788656
078006,畑佐　博,56,10,20,26,49,0.17857142857142858,0.35714285714285715,0.4642857142857143,0.3306373837597878,0.9998664685304478,0.19640026453177334,0.8847322637023648
084800,ラッキーフィールド,123,31,40,52,94,0.25203252032520324,0.3252032520325203,0.42276422764227645,0.8779225551526997,0.9998664685304478,0.2712529130913565,0.9972659797981572
087803,Ｈｉｍ　Ｒｏｃｋ　Ｒａｃｉｎｇホールディングス,65,8,20,37,58,0.12307692307692308,0.3076923076923077,0.5692307692307692,0.04671045190727592,0.8577737532063398,0.46736805317023666,0.9972659797981572
089803,了徳寺健二ホールディングス,221,54,55,112,206,0.24434389140271492,0.248868778280543,0.5067873303167421,0.8884122563851534,0.9998664685304478,0.9494364315539354,0.9972659797981572
098803,Ｇリビエール・レーシング,63,12,23,28,62,0.19047619047619047,0.36507936507936506,0.4444444444444444,0.4003649587643636,0.9998664685304478,0.14586548810026811,0.8371640023788656
100800,日進牧場,57,11,22,24,35,0.19298245614035087,0.38596491228070173,0.42105263157894735,0.43070206471587735,0.9998664685304478,0.09289351290803659,0.8172343022982282
102800,ターフ・スポート,156,34,48,74,146,0.21794871794871795,0.3076923076923077,0.47435897435897434,0.606416236181369,0.9998664685304478,0.4081570709660599,0.9972659797981572
124008,山本　英俊,92,18,21,53,67,0.1956521739130435,0.22826086956521738,0.5760869565217391,0.40007556628422053,0.9998664685304478,0.9419310578922063,0.9972659797981572
132030,澤田　昭紀,60,9,16,35,56,0.15,0.26666666666666666,0.5833333333333334,0.1501894333391623,0.9177326475544092,0.7369032239480509,0.9972659797981572
138007,吉田　和美,523,134,127,262,489,0.25621414913957935,0.24282982791587,0.5009560229445507,0.9923967072440879,0.9998664685304478,0.9972659797981572,0.9972659797981572
148800,グリーンファーム,334,58,103,173,250,0.17365269461077845,0.3083832335329341,0.5179640718562875,0.043582509966844124,0.8577737532063398,0.3350186512438893,0.9972659797981572
149002,井山　登,50,11,17,22,49,0.22,0.34,0.44,0.6276707770904825,0.9998664685304478,0.2963201996449451,0.9972659797981572
151006,吉田　和子,87,19,20,48,86,0.21839080459770116,0.22988505747126436,0.5517241379310345,0.6102086833415086,0.9998664685304478,0.9330039572119354,0.9972659797981572
163002,北所　直人,162,36,38,88,149,0.2222222222222222,0.2345679012345679,0.5432098765432098,0.6561707114807821,0.9998664685304478,0.9671447269358432,0.9972659797981572
165033,河合　純二,121,21,46,54,117,0.17355371900826447,0.38016528925619836,0.4462809917355372,0.17264277528251262,0.9177326475544092,0.02954524695542458,0.6407542300021789
168006,増田　雄一,106,19,26,61,99,0.1792452830188679,0.24528301886792453,0.5754716981132075,0.23693121897525551,0.9998664685304478,0.8977352096236776,0.9972659797981572
170800,ロードホースクラブ,488,113,125,250,442,0.23155737704918034,0.25614754098360654,0.5122950819672131,0.8559574636743286,0.9998664685304478,0.978255264531993,0.9972659797981572
172002,池谷　誠一,95,17,29,49,71,0.17894736842105263,0.30526315789473685,0.5157894736842106,0.25166101918215766,0.9998664685304478,0.46338718793396183,0.9972659797981572
180800,東京ホースレーシング,793,190,241,362,712,0.23959646910466584,0.30390920554854983,0.45649432534678436,0.9686941615932244,0.9998664685304478,0.3342522915806911,0.9972659797981572
184033,山本　能成,102,14,38,50,79,0.13725490196078433,0.37254901960784315,0.49019607843137253,0.03567598859560339,0.8238619930045296,0.059728635513799234,0.796902167102681
195031,三木　正浩,79,21,20,38,78,0.26582278481012656,0.25316455696202533,0.4810126582278481,0.898508701436716,0.9998664685304478,0.8324271466340372,0.9972659797981572
196031,長谷川　祐司,74,20,23,31,67,0.2702702702702703,0.3108108108108108,0.4189189189189189,0.9082577580535829,0.9998664685304478,0.4360706362957898,0.9972659797981572
208008,窪田　芳郎,206,49,59,98,192,0.23786407766990292,0.28640776699029125,0.47572815533980584,0.8321822629592126,0.9998664685304478,0.6485814967191118,0.9972659797981572
224007,田中　成奉,253,50,75,128,230,0.1976284584980237,0.2964426877470356,0.5059288537549407,0.3068921510629108,0.9998664685304478,0.5231830503725279,0.9972659797981572
226800,サンデーレーシング,2034,450,606,978,1837,0.22123893805309736,0.29793510324483774,0.4808259587020649,0.8287066601904991,0.9998664685304478,0.448223125504036,0.9972659797981572
231033,吉田　晴哉,92,21,22,49,92,0.22826086956521738,0.2391304347826087,0.532608695652174,0.6936204264186088,0.9998664685304478,0.9083356815211527,0.9972659797981572
232031,藤田　晋,113,22,28,63,103,0.19469026548672566,0.24778761061946902,0.5575221238938053,0.3678085075309936,0.9998664685304478,0.8931064509796373,0.9972659797981572
242031,前田　幸大,59,12,20,27,59,0.2033898305084746,0.3389830508474576,0.4576271186440678,0.5047254922963957,0.9998664685304478,0.27887744727408176,0.9972659797981572
245030,前田　葉子,80,19,26,35,71,0.2375,0.325,0.4375,0.7544988816292887,0.9998664685304478,0.3260791205693698,0.9972659797981572
248005,山元　哲二,64,13,27,24,59,0.203125,0.421875,0.375,0.49668800095016663,0.9998664685304478,0.022011849895004855,0.6407542300021789
248030,石川　達絵,186,49,56,81,170,0.26344086021505375,0.3010752688172043,0.43548387096774194,0.9592556584377999,0.9998664685304478,0.4720668949387539,0.9972659797981572
252030,落合　幸弘,62,12,18,32,59,0.1935483870967742,0.2903225806451613,0.5161290322580645,0.42561660417497377,0.9998664685304478,0.5892407304820553,0.9972659797981572
265006,星野　壽市,57,11,18,28,57,0.19298245614035087,0.3157894736842105,0.49122807017543857,0.43070206471587735,0.9998664685304478,0.42292888957076236,0.9972659797981572
265008,吉岡　實,129,27,40,62,118,0.20930232558139536,0.31007751937984496,0.4806201550387597,0.5115991917466977,0.9998664685304478,0.39903467082229027,0.9972659797981572
270006,島川　隆哉,234,55,72,107,182,0.23504273504273504,0.3076923076923077,0.45726495726495725,0.8188774783333288,0.9998664685304478,0.37628743378638846,0.9972659797981572
271008,安原　浩司,155,27,43,85,141,0.17419354838709677,0.27741935483870966,0.5483870967741935,0.13956526067935837,0.9177326475544092,0.724976039630076,0.9972659797981572
272008,下河辺　隆行,71,19,20,32,69,0.2676056338028169,0.28169014084507044,0.4507042253521127,0.8957864712441097,0.9998664685304478,0.6502528054568457,0.9972659797981572
274002,浅沼　廣幸,90,14,19,57,79,0.15555555555555556,0.2111111111111111,0.6333333333333333,0.11254848536238796,0.8744151555077834,0.9736318779345138,0.9972659797981572
304008,小笹　公也,197,48,54,95,183,0.2436548223350254,0.27411167512690354,0.48223350253807107,0.8724687231538262,0.9998664685304478,0.7759576148310997,0.9972659797981572
306008,松岡　隆雄,201,41,51,109,161,0.20398009950248755,0.2537313432835821,0.5422885572139303,0.4183711280095282,0.9998664685304478,0.9212281289791252,0.9972659797981572
308002,飯塚　知一,100,18,33,49,91,0.18,0.33,0.49,0.25206108098362856,0.9998664685304478,0.2627262180293641,0.9972659797981572
310007,吉田　千津,230,51,69,110,199,0.2217391304347826,0.3,0.4782608695652174,0.6633518681956954,0.9998664685304478,0.4772727822046254,0.9972659797981572
320030,幅田　京子,56,13,20,23,56,0.23214285714285715,0.35714285714285715,0.4107142857142857,0.7047103532748684,0.9998664685304478,0.19640026453177334,0.8847322637023648
321004,河内　孝夫,59,11,23,25,53,0.1864406779661017,0.3898305084745763,0.423728813559322,0.3786681421666781,0.9998664685304478,0.07890120466363179,0.796902167102681
321800,友駿ホースクラブ,105,23,29,53,87,0.21904761904761905,0.2761904761904762,0.5047619047619047,0.6158644370843389,0.9998664685304478,0.7088540939261778,0.9972659797981572
329004,土井　肇,195,47,53,95,164,0.24102564102564103,0.2717948717948718,0.48717948717948717,0.8523780730513388,0.9998664685304478,0.796037751795653,0.9972659797981572
331002,国本　哲秀,265,54,80,131,244,0.2037735849056604,0.3018867924528302,0.49433962264150944,0.3921990663717819,0.9998664685304478,0.4454651596885134,0.9972659797981572
331007,幅田　昌伸,82,19,24,39,75,0.23170731707317074,0.2926829268292683,0.47560975609756095,0.7153757555071445,0.9998664685304478,0.5708560316228711,0.9972659797981572
331803,ケイアイスタリオン,81,21,16,44,80,0.25925925925925924,0.19753086419753085,0.5432098765432098,0.8746959390714342,0.9998664685304478,0.9838158965829913,0.9972659797981572
331803,亀田　和弘,58,9,18,31,58,0.15517241379310345,0.3103448275862069,0.5344827586206896,0.18181045148856617,0.9416849025818044,0.4569601350311663,0.9972659797981572
334009,小田切　有一,61,11,13,37,44,0.18032786885245902,0.21311475409836064,0.6065573770491803,0.3299540714456016,0.9998664685304478,0.9451156735547607,0.9972659797981572
338007,村野　康司,135,15,37,83,101,0.1111111111111111,0.2740740740740741,0.6148148148148148,0.0015226682233791646,0.23457464130632566,0.7437374017338504,0.9972659797981572
345033,増田　和啓,57,10,16,31,57,0.17543859649122806,0.2807017543859649,0.543859649122807,0.3067088730963752,0.9998664685304478,0.6507475194685167,0.9972659797981572
346803,吉澤ホールディングス,112,27,29,56,110,0.24107142857142858,0.25892857142857145,0.5,0.8025983926857916,0.9998664685304478,0.8343062605448093,0.9972659797981572
350002,宮川　純造,69,13,26,30,57,0.18840579710144928,0.37681159420289856,0.43478260869565216,0.3730019208116737,0.9998664685304478,0.09351837503171073,0.8172343022982282
353803,ＧＥＴ　ＮＥＸＴ,55,8,22,25,53,0.14545454545454545,0.4,0.45454545454545453,0.1440117532050577,0.9177326475544092,0.06515197419737467,0.796902167102681
356002,竹園　正繼,165,37,49,79,142,0.22424242424242424,0.296969696969697,0.47878787878787876,0.6794234000344652,0.9998664685304478,0.5230192304760257,0.9972659797981572
356803,インゼルレーシング,67,9,18,40,57,0.13432835820895522,0.26865671641791045,0.5970149253731343,0.0723784902674057,0.8744151555077834,0.7322126580892581,0.9972659797981572
367008,吉澤　克己,139,29,50,60,134,0.20863309352517986,0.3597122302158273,0.4316546762589928,0.5005380613224772,0.9998664685304478,0.06344735538207942,0.796902167102681
367800,グランド牧場,50,14,14,22,39,0.28,0.28,0.44,0.9053058996338411,0.9998664685304478,0.651872817312976,0.9972659797981572
370008,岡　浩二,200,35,69,96,163,0.175,0.345,0.48,0.10905310729613833,0.8744151555077834,0.07813014899004092,0.796902167102681
371009,高橋　文男,50,13,18,19,49,0.26,0.36,0.38,0.8387086517562286,0.9998664685304478,0.2014736838134098,0.8847322637023648
372006,近藤　英子,126,32,38,56,111,0.25396825396825395,0.30158730158730157,0.4444444444444444,0.889989629472265,0.9998664685304478,0.4828027178812585,0.9972659797981572
372008,三宅　勝俊,57,10,16,31,46,0.17543859649122806,0.2807017543859649,0.543859649122807,0.3067088730963752,0.9998664685304478,0.6507475194685167,0.9972659797981572
373008,中村　祐子,67,16,20,31,67,0.23880597014925373,0.29850746268656714,0.4626865671641791,0.7528214088860081,0.9998664685304478,0.5309954969301471,0.9972659797981572
373800,大野商事,94,19,33,42,67,0.20212765957446807,0.35106382978723405,0.44680851063829785,0.4583853001009067,0.9998664685304478,0.14765493075518543,0.8371640023788656
382004,永井　啓弍,268,61,78,129,237,0.22761194029850745,0.291044776119403,0.48134328358208955,0.7491680461402432,0.9998664685304478,0.5988693497915143,0.9972659797981572
398002,近藤　利一,238,41,76,121,176,0.1722689075630252,0.31932773109243695,0.5084033613445378,0.07076025728486057,0.8744151555077834,0.23940790986315982,0.9972659797981572
398030,保坂　和孝,97,26,22,49,97,0.26804123711340205,0.2268041237113402,0.5051546391752577,0.9235446307273553,0.9998664685304478,0.949618126143233,0.9972659797981572
399009,嶋田　賢,150,28,43,79,118,0.18666666666666668,0.2866666666666667,0.5266666666666666,0.250144820641858,0.9998664685304478,0.6329386531132866,0.9972659797981572
399030,久米田　正明,63,16,18,29,59,0.25396825396825395,0.2857142857142857,0.4603174603174603,0.8300838816265168,0.9998664685304478,0.6203206675230564,0.9972659797981572
399803,ライフハウス,79,20,23,36,76,0.25316455696202533,0.2911392405063291,0.45569620253164556,0.8443980393716903,0.9998664685304478,0.5829239305021422,0.9972659797981572
415800,社台レースホース,1699,373,526,800,1546,0.21954090641553856,0.3095938787522072,0.47086521483225424,0.7591801747359544,0.9998664685304478,0.12247336732225222,0.8371640023788656
427030,前原　敏行,109,24,26,59,100,0.22018348623853212,0.23853211009174313,0.5412844036697247,0.6268500717996408,0.9998664685304478,0.9258092966936922,0.9972659797981572
431002,馬場　幸夫,158,34,37,87,125,0.21518987341772153,0.23417721518987342,0.5506329113924051,0.573875521025068,0.9998664685304478,0.9664327970885356,0.9972659797981572
441007,野田　みづき,232,52,74,106,216,0.22413793103448276,0.31896551724137934,0.45689655172413796,0.6952016961041534,0.9998664685304478,0.24643486185866748,0.9972659797981572
463800,名古屋友豊,96,19,30,47,88,0.19791666666666666,0.3125,0.4895833333333333,0.41670208643156753,0.9998664685304478,0.4021536178892961,0.9972659797981572
464030,田畑　利彦,141,22,48,71,105,0.15602836879432624,0.3404255319148936,0.5035460992907801,0.057231537564917945,0.8744151555077834,0.14652743573544916,0.8371640023788656
471002,海原　聖一,52,8,20,24,49,0.15384615384615385,0.38461538461538464,0.46153846153846156,0.19415212148530664,0.9804682135007985,0.1089273073347493,0.8172343022982282
482002,水上　行雄,119,31,33,55,116,0.2605042016806723,0.2773109243697479,0.46218487394957986,0.9138291114515569,0.9998664685304478,0.7077017907159677,0.9972659797981572
486800,キャロットファーム,1955,474,571,910,1713,0.24245524296675192,0.2920716112531969,0.46547314578005117,0.9992542998669213,0.9998664685304478,0.670584656840445,0.9972659797981572
491030,藤田　在子,63,13,15,35,44,0.20634920634920634,0.23809523809523808,0.5555555555555556,0.5227383172927027,0.9998664685304478,0.8767621993552978,0.9972659797981572
494800,ウイン,366,86,111,169,314,0.23497267759562843,0.30327868852459017,0.46174863387978143,0.8631270561329909,0.9998664685304478,0.4059153697981801,0.9972659797981572
500007,沼川　一彦,73,22,23,28,63,0.3013698630136986,0.3150684931506849,0.3835616438356164,0.9728991771895957,0.9998664685304478,0.4061664284789599,0.9972659797981572
506800,シルクレーシング,1687,402,512,773,1534,0.23829282750444578,0.3034973325429757,0.4582098399525785,0.9946105690205812,0.9998664685304478,0.2697557921719291,0.9972659797981572
514008,窪田　康志,185,41,55,89,143,0.22162162162162163,0.2972972972972973,0.4810810810810811,0.6535629107967289,0.9998664685304478,0.517124885730416,0.9972659797981572
515800,タマモ,183,43,60,80,167,0.23497267759562843,0.32786885245901637,0.4371584699453552,0.7956770929204741,0.9998664685304478,0.196510797322986,0.8847322637023648
523005,松本　好雄,904,191,254,459,798,0.21128318584070796,0.2809734513274336,0.5077433628318584,0.4726543536892413,0.9998664685304478,0.8538152618953835,0.9972659797981572
524030,鈴木　邦英,55,11,22,22,53,0.2,0.4,0.4,0.48539200199943167,0.9998664685304478,0.06515197419737467,0.796902167102681
534006,寺田　千代乃,128,29,38,61,120,0.2265625,0.296875,0.4765625,0.6920987494315354,0.9998664685304478,0.5286765355176859,0.9972659797981572
535031,近藤　旬子,133,26,47,60,128,0.19548872180451127,0.3533834586466165,0.45112781954887216,0.3570979645755747,0.9998664685304478,0.0909456827540653,0.8172343022982282
536800,大樹ファーム,120,16,34,70,114,0.13333333333333333,0.2833333333333333,0.5833333333333334,0.01793039640631211,0.6036566790125076,0.6561158749259323,0.9972659797981572
538009,山岡　良一,63,11,15,37,55,0.1746031746031746,0.23809523809523808,0.5873015873015873,0.2850256764908321,0.9998664685304478,0.8767621993552978,0.9972659797981572
539002,廣崎　利洋,59,13,19,27,47,0.22033898305084745,0.3220338983050847,0.4576271186440678,0.6279807602445522,0.9998664685304478,0.37980646454147143,0.9972659797981572
542800,ライオンレースホース,311,63,90,158,286,0.20257234726688103,0.28938906752411575,0.5080385852090032,0.3582775564062642,0.9998664685304478,0.6275534125530686,0.9972659797981572
546800,サラブレッドクラブ・ラフィアン,608,109,215,284,544,0.17927631578947367,0.3536184210526316,0.46710526315789475,0.02251143271197386,0.6496156296883885,0.0013481297013274768,0.2723221996681503
547800,ヒダカ・ブリーダーズ・ユニオン,308,75,81,152,245,0.2435064935064935,0.262987012987013,0.4935064935064935,0.9149502289249344,0.9998664685304478,0.9121587021206821,0.9972659797981572
553800,広尾レース,159,27,44,88,136,0.16981132075471697,0.27672955974842767,0.5534591194968553,0.10733700825972514,0.8744151555077834,0.7332678968783829,0.9972659797981572
587008,大城　敬三,108,21,27,60,74,0.19444444444444445,0.25,0.5555555555555556,0.37064899255889483,0.9998664685304478,0.8784445240188554,0.9972659797981572
619800,ダノックス,554,125,175,254,491,0.22563176895306858,0.315884476534296,0.4584837545126354,0.7849980194032895,0.9998664685304478,0.16901158396876126,0.8753933323510199
628007,中西　忍,55,12,21,22,52,0.21818181818181817,0.38181818181818183,0.4,0.6140903348013289,0.9998664685304478,0.10918042197749928,0.8172343022982282
629007,西川　光一,71,17,14,40,62,0.23943661971830985,0.19718309859154928,0.5633802816901409,0.7599257636887145,0.9998664685304478,0.9785854364303335,0.9972659797981572
629800,ミルファーム,168,21,57,90,160,0.125,0.3392857142857143,0.5357142857142857,0.0023225212010527293,0.23457464130632566,0.12927142343146533,0.8371640023788656
646030,中辻　明,83,21,20,42,82,0.25301204819277107,0.24096385542168675,0.5060240963855421,0.8478094481363675,0.9998664685304478,0.8917743675065269,0.9972659797981572
672033,加藤　和夫,51,18,10,23,47,0.35294117647058826,0.19607843137254902,0.45098039215686275,0.9933360423953768,0.9998664685304478,0.9621187118040481,0.9972659797981572
674004,森中　蕃,114,21,30,63,107,0.18421052631578946,0.2631578947368421,0.5526315789473685,0.2677144861985319,0.9998664685304478,0.8096640166002983,0.9972659797981572
675030,林　正道,309,71,102,136,285,0.2297734627831715,0.3300970873786408,0.4401294498381877,0.7881579123405633,0.9998664685304478,0.1092342879309513,0.8172343022982282
677009,西森　鶴,54,19,15,20,46,0.35185185185185186,0.2777777777777778,0.37037037037037035,0.9941163881571181,0.9998664685304478,0.6670085396558887,0.9972659797981572
679800,湘南,72,10,29,33,72,0.1388888888888889,0.4027777777777778,0.4583333333333333,0.07753311799794335,0.8744151555077834,0.03489255707932658,0.6407542300021789
686006,平井　裕,153,33,47,73,138,0.21568627450980393,0.30718954248366015,0.477124183006536,0.5799904057882361,0.9998664685304478,0.4148680591314047,0.9972659797981572
695004,内村　正則,91,17,20,54,82,0.18681318681318682,0.21978021978021978,0.5934065934065934,0.3228443909602706,0.9998664685304478,0.9601343499163737,0.9972659797981572
708800,金子真人ホールディングス,789,197,253,339,712,0.24968314321926488,0.320659062103929,0.4296577946768061,0.9942400230565394,0.9998664685304478,0.07389851024790046,0.796902167102681
712800,オースミ,92,18,30,44,77,0.1956521739130435,0.32608695652173914,0.4782608695652174,0.40007556628422053,0.9998664685304478,0.30136971787108524,0.9972659797981572
716800,ビッグレッドファーム,311,64,101,146,277,0.2057877813504823,0.3247588424437299,0.4694533762057878,0.4115915268906775,0.9998664685304478,0.15092817371915082,0.8371640023788656
727008,谷掛　龍夫,119,19,37,63,115,0.15966386554621848,0.31092436974789917,0.5294117647058824,0.0927343764977574,0.8744151555077834,0.3977646225599355,0.9972659797981572
731006,福井　明,52,14,16,22,47,0.2692307692307692,0.3076923076923077,0.4230769230769231,0.875747622953913,0.9998664685304478,0.4811910710823536,0.9972659797981572
748009,森　保彦,52,7,19,26,52,0.1346153846153846,0.36538461538461536,0.5,0.10953793394409803,0.8744151555077834,0.17354291000925298,0.8763916955467275
755030,吉木　伸彦,50,13,18,19,49,0.26,0.36,0.38,0.8387086517562286,0.9998664685304478,0.2014736838134098,0.8847322637023648
758005,吉田　照哉,439,102,108,229,399,0.23234624145785876,0.2460136674259681,0.5216400911161732,0.8540362613879394,0.9998664685304478,0.9918183103464812,0.9972659797981572
783033,原村　正紀,85,17,20,48,81,0.2,0.23529411764705882,0.5647058823529412,0.4473658706650783,0.9998664685304478,0.914412127051336,0.9972659797981572
785800,栄進堂,284,56,76,152,234,0.19718309859154928,0.2676056338028169,0.5352112676056338,0.2863452097833403,0.9998664685304478,0.8708433178526606,0.9972659797981572
788800,ノースヒルズ,649,115,219,315,591,0.17719568567026195,0.337442218798151,0.48536209553158705,0.01355007081450268,0.577614325305181,0.013052055101506765,0.6407542300021789
790005,吉田　勝己,779,177,264,338,712,0.22721437740693196,0.33889602053915274,0.4338896020539153,0.8464182343648418,0.9998664685304478,0.00569152706043672,0.5748442331041087
790031,里見　治,128,22,37,69,113,0.171875,0.2890625,0.5390625,0.1522043296549891,0.9177326475544092,0.6049866078866778,0.9972659797981572
794002,里見　治,168,35,53,80,108,0.20833333333333334,0.31547619047619047,0.47619047619047616,0.4874420059420851,0.9998664685304478,0.32070061051246906,0.9972659797981572
798008,一村　哲也,86,16,21,49,63,0.18604651162790697,0.2441860465116279,0.5697674418604651,0.3242414286620976,0.9998664685304478,0.8821740430492631,0.9972659797981572
808800,Ｇ１レーシング,784,174,225,385,709,0.22193877551020408,0.2869897959183674,0.49107142857142855,0.7479994218258611,0.9998664685304478,0.7300589671297161,0.9972659797981572
812008,石瀬　浩三,87,18,23,46,80,0.20689655172413793,0.26436781609195403,0.5287356321839081,0.5079713404252624,0.9998664685304478,0.77785058765552,0.9972659797981572
823800,ヒルノ,109,23,32,54,85,0.21100917431192662,0.29357798165137616,0.4954128440366973,0.5365423742045103,0.9998664685304478,0.5617563699923517,0.9972659797981572
831800,青芝商事,78,21,25,32,72,0.2692307692307692,0.32051282051282054,0.41025641025641024,0.9092527153239225,0.9998664685304478,0.36060190547590454,0.9972659797981572
839004,上田　けい子,51,12,11,28,48,0.23529411764705882,0.21568627450980393,0.5490196078431373,0.720443443462325,0.9998664685304478,0.9253439584898377,0.9972659797981572
849030,山口　功一郎,58,12,17,29,57,0.20689655172413793,0.29310344827586204,0.5,0.5318834326917525,0.9998664685304478,0.5712376896049953,0.9972659797981572
851007,山上　和良,51,13,11,27,45,0.2549019607843137,0.21568627450980393,0.5294117647058824,0.8188739394717236,0.9998664685304478,0.9253439584898377,0.9972659797981572
851009,岡田　牧雄,286,57,92,137,239,0.1993006993006993,0.32167832167832167,0.479020979020979,0.3163595035929231,0.9998664685304478,0.1912383321705557,0.8847322637023648
851800,フジイ興産,60,14,12,34,60,0.23333333333333334,0.2,0.5666666666666667,0.7141915072679923,0.9998664685304478,0.9663667267304967,0.9972659797981572
854800,ノルマンディーサラブレッドレーシング,500,110,157,233,427,0.22,0.314,0.466,0.6744106148810236,0.9998664685304478,0.20758003273663142,0.8921524811233945
855030,田頭　勇貴,80,13,29,38,60,0.1625,0.3625,0.475,0.16777552750572539,0.9177326475544092,0.12158975329211483,0.8371640023788656
858800,大塚　亮一,176,35,54,87,161,0.19886363636363635,0.3068181818181818,0.4943181818181818,0.3645077980739999,0.9998664685304478,0.40882366790934344,0.9972659797981572
859002,八木　良司,322,69,95,158,291,0.21428571428571427,0.2950310559006211,0.4906832298136646,0.55672211279764,0.9998664685304478,0.5425049293945792,0.9972659797981572
859007,猪熊　広次,346,87,102,157,330,0.2514450867052023,0.2947976878612717,0.45375722543352603,0.9634452916551123,0.9998664685304478,0.5463243315820185,0.9972659797981572
866006,寺田　寿男,114,25,28,61,105,0.21929824561403508,0.24561403508771928,0.5350877192982456,0.6186396138454613,0.9998664685304478,0.903334993615194,0.9972659797981572
869006,鈴木　隆司,121,27,38,56,97,0.2231404958677686,0.3140495867768595,0.4628099173553719,0.6571641877136121,0.9998664685304478,0.3679116452588276,0.9972659797981572
870004,村上　稔,52,18,15,19,45,0.34615384615384615,0.28846153846153844,0.36538461538461536,0.991560038435495,0.9998664685304478,0.6015940009785183,0.9972659797981572
872800,三田　昌宏,98,15,38,45,79,0.15306122448979592,0.3877551020408163,0.45918367346938777,0.08937042649857013,0.8744151555077834,0.03299264443826631,0.6407542300021789
877800,ラ・メール,102,19,30,53,87,0.18627450980392157,0.29411764705882354,0.5196078431372549,0.3021316396885477,0.9998664685304478,0.5574047276632456,0.9972659797981572
879800,雅苑興業,89,13,26,50,86,0.14606741573033707,0.29213483146067415,0.5617977528089888,0.07490146914645174,0.8744151555077834,0.5748852112045216,0.9972659797981572
882800,小林英一ホールディングス,52,13,18,21,33,0.25,0.34615384615384615,0.40384615384615385,0.7979204771361801,0.9998664685304478,0.259256767623606,0.9972659797981572
887800,ＮＩＣＫＳ,137,34,47,56,125,0.24817518248175183,0.34306569343065696,0.40875912408759124,0.8664908696585621,0.9998664685304478,0.1356286478853761,0.8371640023788656
888800,ＣＨＥＶＡＬ　ＡＴＴＡＣＨＥ,64,10,12,42,54,0.15625,0.1875,0.65625,0.17053015865615861,0.9177326475544092,0.9831168194701475,0.9972659797981572
897009,西山　茂行,234,36,68,130,215,0.15384615384615385,0.2905982905982906,0.5555555555555556,0.014297384289732203,0.577614325305181,0.6013691812173638,0.9972659797981572
905033,吉冨　学,87,16,20,51,86,0.1839080459770115,0.22988505747126436,0.5862068965517241,0.30490160205911077,0.9998664685304478,0.9330039572119354,0.9972659797981572
906033,小笹　芳央,195,46,56,93,173,0.2358974358974359,0.28717948717948716,0.47692307692307695,0.8097522835849214,0.9998664685304478,0.637215812943316,0.9972659797981572
909006,草間　庸文,82,25,29,28,82,0.3048780487804878,0.35365853658536583,0.34146341463414637,0.9818473269806365,0.9998664685304478,0.15520026308605164,0.8371640023788656
911008,松本　好隆,153,27,48,78,137,0.17647058823529413,0.3137254901960784,0.5098039215686274,0.15819869266940156,0.9177326475544092,0.3479913885625344,0.9972659797981572
922030,丸山　担,119,24,37,58,106,0.20168067226890757,0.31092436974789917,0.48739495798319327,0.4343359832603877,0.9998664685304478,0.3977646225599355,0.9972659797981572
927033,日下部　猛,50,10,9,31,45,0.2,0.18,0.62,0.49357640355614885,0.9998664685304478,0.9792353531219309,0.9972659797981572
929002,大八木　信行,70,11,26,33,56,0.15714285714285714,0.37142857142857144,0.4714285714285714,0.16017380549619853,0.9177326475544092,0.10828486442969149,0.8172343022982282
930800,バイオ,56,8,14,34,46,0.14285714285714285,0.25,0.6071428571428571,0.12979948613876147,0.9177326475544092,0.8167727864836668,0.9972659797981572
943030,橋元　勇氣,64,17,19,28,63,0.265625,0.296875,0.4375,0.8799468829183816,0.9998664685304478,0.5437836676337826,0.9972659797981572
945004,奈村　信重,58,8,14,36,52,0.13793103448275862,0.2413793103448276,0.6206896551724138,0.10479798523297268,0.8744151555077834,0.8565002741453296,0.9972659797981572
948006,前田　幸治,362,65,106,191,308,0.17955801104972377,0.292817679558011,0.5276243093922652,0.06671070028258771,0.8744151555077834,0.5790344335291964,0.9972659797981572
950006,日隈　良江,58,15,25,18,57,0.25862068965517243,0.43103448275862066,0.3103448275862069,0.8442930145116447,0.9998664685304478,0.020181969577150658,0.6407542300021789
965800,東豊物産,113,16,34,63,104,0.1415929203539823,0.3008849557522124,0.5575221238938053,0.03670672246059785,0.8238619930045296,0.4938767396801075,0.9972659797981572
966002,深見　富朗,75,12,18,45,70,0.16,0.24,0.6,0.16422609758704093,0.9177326475544092,0.8858999267689942,0.9972659797981572
966007,小林　祥晃,117,29,32,56,109,0.24786324786324787,0.27350427350427353,0.47863247863247865,0.8500543534987077,0.9998664685304478,0.7373627834233017,0.9972659797981572
970006,栗本　博晴,168,35,62,71,134,0.20833333333333334,0.36904761904761907,0.4226190476190476,0.4874420059420851,0.9998664685304478,0.025673220433755015,0.6407542300021789
972002,奈村　睦弘,95,26,26,43,95,0.2736842105263158,0.2736842105263158,0.45263157894736844,0.9386636248188023,0.9998664685304478,0.7213908936662767,0.9972659797981572
994002,飯田　正剛,88,16,25,47,80,0.18181818181818182,0.2840909090909091,0.5340909090909091,0.2862482541265262,0.9998664685304478,0.6388906467381726,0.9972659797981572
