調教師CD,調教師名,全出走数,全勝率,全複勝率,穴馬出走数(7人気↓),穴馬勝率,穴馬連対率,穴馬複勝率,穴馬期待複勝率,穴馬複勝超過率,穴馬人気以上率,穴馬単勝回収率,大穴出走数(10人気↓),大穴複勝率,戦略スコア
01078,北出成人,1707,0.06033977738722906,0.21675454012888107,1009,0.017839444995044598,0.053518334985133795,0.10109018830525272,0.07575418469998688,1.3344502182368578,0.736372646184341,0.5414271555996035,656,0.04878048780487805,1.9795361090253045
01180,田中克典,1023,0.11534701857282502,0.29227761485826004,453,0.02869757174392936,0.0684326710816777,0.13245033112582782,0.09197346376446186,1.4400928888034992,0.7328918322295805,0.745916114790287,230,0.0782608695652174,1.8803906682957272
01120,千田輝彦,1493,0.06898861352980576,0.21969189551239116,936,0.022435897435897436,0.05128205128205128,0.09829059829059829,0.07673543983844498,1.2809022597320674,0.7361111111111112,1.1297008547008547,587,0.06473594548551959,1.8788284649446472
00420,宗像義忠,1429,0.05598320503848846,0.1966410076976907,920,0.01847826086956522,0.05,0.10108695652173913,0.0770882640180919,1.3113144758067836,0.7195652173913043,0.8790217391304348,580,0.06206896551724138,1.875470654588095
01178,杉山佳明,1395,0.06523297491039426,0.21935483870967742,810,0.022222222222222223,0.04691358024691358,0.10123456790123457,0.0803871580625187,1.2593375651183292,0.7555555555555555,0.642962962962963,494,0.058704453441295545,1.8559762405243387
00425,加用正,1076,0.056691449814126396,0.19330855018587362,679,0.017673048600883652,0.05743740795287187,0.10898379970544919,0.08264839439967335,1.3186438828856417,0.7128129602356407,0.5515463917525774,406,0.06157635467980296,1.785218640873854
01010,中野栄治,1195,0.05104602510460251,0.17573221757322174,824,0.012135922330097087,0.038834951456310676,0.08009708737864078,0.06631806354362003,1.2077718060322695,0.7536407766990292,0.5668689320388349,591,0.04568527918781726,1.7800057905599502
01003,川村禎彦,1257,0.0477326968973747,0.1726332537788385,821,0.0194884287454324,0.05237515225334957,0.09013398294762484,0.08031760534681527,1.1222195004248692,0.8063337393422655,0.7774665042630938,499,0.052104208416833664,1.768597964006885
01183,辻野泰之,1005,0.11442786069651742,0.30646766169154227,409,0.03178484107579462,0.07334963325183375,0.12469437652811736,0.08550339304682578,1.4583558860620738,0.6894865525672371,1.341075794621027,233,0.0944206008583691,1.761610212452383
01182,辻哲英,917,0.07415485278080698,0.2268266085059978,532,0.022556390977443608,0.04887218045112782,0.10150375939849623,0.07912866174163845,1.2827685590072824,0.7406015037593985,1.0009398496240602,342,0.06725146198830409,1.7369671466540342
01174,深山雅史,1424,0.042837078651685394,0.16151685393258428,1005,0.01691542288557214,0.04477611940298507,0.08756218905472637,0.07409981618096712,1.1816788970283185,0.7213930348258707,0.7237810945273632,668,0.05538922155688623,1.7162700699598867
01072,河内洋,1202,0.06073211314475874,0.21880199667221298,662,0.021148036253776436,0.05891238670694864,0.10574018126888217,0.08052933079771867,1.3130641993597407,0.6903323262839879,0.6297583081570997,395,0.06582278481012659,1.7149178632642141
01016,西浦勝一,333,0.06306306306306306,0.2012012012012012,203,0.034482758620689655,0.06403940886699508,0.12315270935960591,0.08205676374224097,1.5008233781490177,0.729064039408867,1.133497536945813,118,0.05084745762711865,1.6945513083230241
01039,中竹和也,1947,0.08166409861325115,0.2542372881355932,1067,0.02155576382380506,0.05435801312089972,0.09465791940018745,0.08042353890356004,1.176992714952479,0.7057169634489222,0.9130271790065605,665,0.055639097744360905,1.686782720199369
01107,村山明,1281,0.05308352849336456,0.17408274785323966,911,0.014270032930845226,0.03512623490669594,0.08122941822173436,0.0741059623934411,1.0961252724912152,0.7749725576289791,0.827113062568606,607,0.04942339373970346,1.68598802235722
01198,河嶋宏樹,450,0.04888888888888889,0.21333333333333335,277,0.01444043321299639,0.06859205776173286,0.11552346570397112,0.08164413364371885,1.4149634584659314,0.7256317689530686,0.3859205776173285,159,0.09433962264150944,1.6826263683574794
01161,武英智,1917,0.08607198748043818,0.26291079812206575,925,0.021621621621621623,0.06054054054054054,0.10378378378378378,0.08574994856211998,1.210307242442245,0.6875675675675675,0.7203243243243244,522,0.05555555555555555,1.6553454213248608
01140,石橋守,1429,0.06997900629811056,0.1966410076976907,847,0.020070838252656435,0.049586776859504134,0.08500590318772137,0.07695203740432244,1.1046608518119176,0.7615112160566706,0.8612750885478159,558,0.04838709677419355,1.6517794806100465
01073,宮本博,1441,0.07009021512838307,0.238029146426093,783,0.019157088122605363,0.05363984674329502,0.09323116219667944,0.08242439784257448,1.1311112320740908,0.7471264367816092,0.5550446998722861,456,0.03728070175438596,1.6400700202690197
01099,本田優,1920,0.06666666666666667,0.20729166666666668,1094,0.022851919561243144,0.05393053016453382,0.0923217550274223,0.079968905430575,1.1544706599438381,0.696526508226691,1.2127970749542962,662,0.05740181268882175,1.638805610687815
01095,荒川義之,1688,0.04798578199052133,0.19194312796208532,1113,0.012578616352201259,0.04043126684636118,0.07637017070979335,0.0727531074008243,1.0497169597037455,0.7619047619047619,0.4570530098831986,743,0.039030955585464336,1.633977258981898
01050,飯田雄三,834,0.06474820143884892,0.19784172661870503,555,0.023423423423423424,0.05045045045045045,0.0936936936936937,0.07796179888264818,1.2017897872613985,0.736936936936937,0.7079279279279279,345,0.06376811594202898,1.6301592464947174
01046,鮫島一歩,1448,0.052486187845303865,0.20511049723756905,868,0.013824884792626729,0.04838709677419355,0.09101382488479262,0.07864755530483744,1.157236541326982,0.7131336405529954,0.40184331797235023,535,0.056074766355140186,1.6263446561271304
01215,加藤公太,130,0.05384615384615385,0.16153846153846155,78,0.02564102564102564,0.038461538461538464,0.14102564102564102,0.08773799128193935,1.607349780467003,0.782051282051282,0.37051282051282053,39,0.05128205128205128,1.5994604862898538
01091,羽月友彦,1468,0.04427792915531335,0.1600817438692098,1017,0.017699115044247787,0.04424778761061947,0.07964601769911504,0.07432876290012051,1.0715369742684888,0.7394296951819076,0.6596853490658801,670,0.04776119402985075,1.5979474010792527
01113,牧浦充徳,1452,0.09366391184573003,0.24242424242424243,816,0.022058823529411766,0.05269607843137255,0.09681372549019608,0.08014344629225623,1.2080055197170951,0.6764705882352942,1.044607843137255,498,0.05823293172690763,1.595729745230582
01146,奥村豊,1686,0.08837485172004746,0.26215895610913403,866,0.021939953810623556,0.061200923787528866,0.10277136258660508,0.08553521532817257,1.2015093688874536,0.6720554272517321,0.6371824480369515,501,0.06387225548902195,1.590757153076526
01002,音無秀孝,1850,0.08756756756756756,0.2594594594594595,823,0.023086269744835967,0.06318347509113001,0.10692588092345079,0.08948124048207647,1.1949530465535798,0.6792223572296476,0.6466585662211422,422,0.061611374407582936,1.586925388953992
01026,鈴木伸尋,1428,0.062324929971988796,0.2030812324929972,823,0.026731470230862697,0.04981773997569866,0.09356014580801944,0.081623697336407,1.146237537150726,0.707168894289186,1.0761846901579586,496,0.0625,1.5848620675487326
01179,鈴木慎太,1039,0.06256015399422522,0.19923002887391722,673,0.022288261515601784,0.04011887072808321,0.08172362555720654,0.07259113233877765,1.12580728422596,0.7414561664190193,1.6429420505200594,452,0.06858407079646017,1.5832419374778077
01018,宮徹,1588,0.05289672544080604,0.22418136020151133,923,0.01733477789815818,0.050920910075839654,0.08884073672806067,0.0836288180987141,1.0623220409882452,0.7453954496208017,0.7690140845070422,526,0.043726235741444866,1.5746464494461165
01112,田島俊明,1559,0.059012187299550996,0.19178960872354073,968,0.02169421487603306,0.05268595041322314,0.08677685950413223,0.07662180510658029,1.132534784105208,0.6931818181818182,1.3453512396694214,626,0.04313099041533546,1.5720002859077082
01152,竹内正洋,1477,0.07650643195666892,0.23561272850372375,844,0.023696682464454975,0.05687203791469194,0.0995260663507109,0.0855519889236336,1.163340181834358,0.6848341232227488,1.0466824644549764,479,0.04801670146137787,1.5635457661126344
01124,大和田成,1408,0.05113636363636364,0.1747159090909091,933,0.01714898177920686,0.03215434083601286,0.07609860664523044,0.07180974216611029,1.0597253847423536,0.7406216505894962,0.6812433011789925,624,0.049679487179487176,1.5631977684066551
01135,高橋康之,1488,0.043010752688172046,0.135752688172043,1081,0.014801110083256245,0.041628122109158186,0.07123034227567067,0.06790504687134707,1.0489697829179574,0.7298797409805735,0.5805735430157262,767,0.035202086049543675,1.5576841799934893
01080,清水英克,1418,0.05077574047954866,0.16431593794076163,1011,0.021760633036597428,0.04549950544015826,0.0751730959446093,0.06854711983721554,1.0966630855261172,0.7042532146389713,1.1490603363006924,731,0.04514363885088919,1.5562868331252533
00405,小西一男,1232,0.044642857142857144,0.15097402597402598,887,0.02142051860202931,0.040586245772266064,0.07328072153325817,0.07070150028570223,1.0364804316334646,0.7576099210822999,1.0052987598647125,633,0.04739336492890995,1.5524302223181585
00412,高橋裕,879,0.06370875995449374,0.20819112627986347,524,0.022900763358778626,0.04770992366412214,0.08969465648854962,0.0740405524648069,1.2114260834450614,0.7022900763358778,1.4444656488549619,336,0.05952380952380952,1.5517609079863255
01142,森田直行,1521,0.04865220249835635,0.16765285996055226,1044,0.011494252873563218,0.035440613026819924,0.06992337164750957,0.06691722029794285,1.0449234342996034,0.7298850574712644,0.3707854406130268,754,0.038461538461538464,1.5439591280423233
01136,高橋亮,1450,0.07724137931034483,0.24551724137931036,773,0.018111254851228976,0.047865459249676584,0.08926261319534282,0.07999294306953168,1.1158810986333347,0.7141009055627425,0.6146183699870634,469,0.06396588486140725,1.5434875145728568
01043,石栗龍彦,1062,0.03389830508474576,0.12617702448210924,833,0.006002400960384154,0.022809123649459785,0.058823529411764705,0.05987059685006701,0.982511157506506,0.801920768307323,0.17346938775510204,657,0.0334855403348554,1.543271062263767
01130,吉村圭司,1548,0.0872093023255814,0.25452196382428943,782,0.020460358056265986,0.052429667519181586,0.09462915601023018,0.0816554741849099,1.158883185173124,0.6854219948849105,0.9025575447570332,459,0.05010893246187364,1.5412656088943302
01008,杉浦宏昭,1550,0.034193548387096775,0.15354838709677418,1091,0.011915673693858845,0.035747021081576534,0.076076993583868,0.07267350108339687,1.0468326480729948,0.7213565536205316,0.43354720439963335,719,0.04172461752433936,1.5383808037265185
01125,小野次郎,1331,0.054845980465815174,0.16003005259203607,949,0.018967334035827187,0.03371970495258166,0.07692307692307693,0.07230681220551444,1.0638427359298026,0.7239199157007377,1.0719704952581666,638,0.05799373040752351,1.5376920072981821
01066,岡田稲男,1471,0.07409925220938138,0.22433718558803534,840,0.013095238095238096,0.05,0.09166666666666666,0.08268956901479801,1.1085638461879286,0.7047619047619048,0.4767857142857143,491,0.04480651731160896,1.5322009490661241
01209,東田明士,162,0.06790123456790123,0.16666666666666666,106,0.03773584905660377,0.05660377358490566,0.12264150943396226,0.07927518223516446,1.547035351746711,0.7264150943396226,2.5226415094339623,71,0.04225352112676056,1.5292070742858
01029,根本康広,1435,0.02926829268292683,0.11846689895470383,1109,0.013525698827772768,0.029756537421100092,0.06492335437330929,0.06531263267413061,0.9940397701810065,0.7520288548241659,0.70297565374211,810,0.0345679012345679,1.526471289768249
01166,石坂公一,1428,0.09453781512605042,0.2696078431372549,701,0.02282453637660485,0.05135520684736091,0.09557774607703282,0.08409587791725849,1.1365330673052878,0.6918687589158345,0.9054208273894436,416,0.05048076923076923,1.500752751088148
01192,上原佑紀,578,0.10380622837370242,0.29411764705882354,269,0.03717472118959108,0.07063197026022305,0.12267657992565056,0.08788613341994846,1.3958581991480052,0.6505576208178439,1.0301115241635688,141,0.06382978723404255,1.4804509622886095
01165,和田勇介,1373,0.07428987618353969,0.22578295702840495,765,0.02091503267973856,0.06405228758169934,0.0915032679738562,0.08262755993649482,1.1074182517816453,0.6901960784313725,0.7521568627450981,450,0.04666666666666667,1.4781921276368135
01065,大橋勇樹,1702,0.06756756756756757,0.2144535840188014,1010,0.01782178217821782,0.053465346534653464,0.0801980198019802,0.08130321754216313,0.9864064698348527,0.7415841584158416,0.8203960396039603,619,0.045234248788368334,1.473811303439759
01038,手塚貴久,1858,0.10710441334768568,0.3116254036598493,747,0.01606425702811245,0.05488621151271754,0.09906291834002677,0.08636286210997102,1.1470546010145426,0.6666666666666666,0.9904953145917001,419,0.081145584725537,1.4736072250044001
01132,金成貴史,1521,0.0631163708086785,0.19395134779750164,902,0.018847006651884702,0.036585365853658534,0.08314855875831485,0.08087160765004085,1.0281551359548478,0.720620842572062,0.658980044345898,552,0.05615942028985507,1.4683887083433222
01069,中尾秀正,1399,0.06933523945675482,0.21801286633309508,835,0.01437125748502994,0.05149700598802395,0.08263473053892216,0.07981294144646608,1.0353550319198392,0.7233532934131737,0.5880239520958084,509,0.05697445972495088,1.4674646463238288
01121,角田晃一,1508,0.07625994694960213,0.2486737400530504,793,0.017654476670870115,0.05296343001261034,0.09331651954602774,0.08359458197859768,1.1162986564119566,0.6759142496847415,0.4340479192938209,456,0.03508771929824561,1.4671014171738428
01168,上村洋行,1300,0.1476923076923077,0.3423076923076923,453,0.03090507726269316,0.06181015452538632,0.10816777041942605,0.0881714111226013,1.226789602686749,0.6710816777041942,0.7922737306843267,238,0.0546218487394958,1.4667738813140367
01173,長谷川浩,1438,0.08484005563282336,0.25382475660639775,747,0.01740294511378849,0.03748326639892905,0.08165997322623829,0.08224728107111899,0.9928592430384069,0.7550200803212851,0.42570281124497994,444,0.04054054054054054,1.4445583712396723
01139,飯田祐史,1319,0.053828658074298714,0.18574677786201668,832,0.010817307692307692,0.051682692307692304,0.08533653846153846,0.07968609907868639,1.0709087211970625,0.6887019230769231,0.2530048076923077,509,0.0412573673870334,1.4443735927826573
01092,松永幹夫,1863,0.10305958132045089,0.2952227589908749,783,0.02681992337164751,0.06768837803320563,0.1123882503192848,0.09400924419709435,1.1955021155542755,0.6219667943805874,0.9065134099616858,388,0.07474226804123711,1.443047142215482
01155,渡辺薫彦,1585,0.06435331230283911,0.2246056782334385,869,0.011507479861910242,0.04948216340621404,0.08515535097813579,0.08181426336091763,1.0408374711201542,0.7031070195627158,0.289873417721519,506,0.045454545454545456,1.4424397360190064
00429,佐々木晶,1337,0.09947643979057591,0.2715033657442034,637,0.02040816326530612,0.05180533751962323,0.09262166405023547,0.0847646992313603,1.092691472866907,0.6985871271585558,0.7706436420722135,372,0.051075268817204304,1.4356224771079653
01211,宮地貴稔,221,0.08144796380090498,0.26244343891402716,127,0.023622047244094488,0.047244094488188976,0.10236220472440945,0.07422578134096669,1.379065371561319,0.7322834645669292,1.1385826771653544,88,0.045454545454545456,1.4268847930465614
01033,木原一良,1203,0.05403158769742311,0.17622610141313383,810,0.01728395061728395,0.03827160493827161,0.07654320987654321,0.07721516652701929,0.9912976079609833,0.737037037037037,0.6674074074074074,501,0.043912175648702596,1.4251389874244507
01185,小林真也,1022,0.0812133072407045,0.2309197651663405,587,0.020442930153321975,0.044293015332197615,0.0817717206132879,0.07736283114208026,1.0569897637679588,0.7257240204429302,1.0260647359454855,371,0.04851752021563342,1.4244310357844294
01023,伊藤圭三,1887,0.08744038155802862,0.26444091149973503,850,0.015294117647058824,0.04352941176470588,0.0988235294117647,0.08877887423747755,1.1131424030836252,0.6494117647058824,0.4525882352941176,466,0.06866952789699571,1.4201855000061396
01024,萱野浩二,1415,0.0431095406360424,0.15265017667844524,1010,0.01782178217821782,0.0297029702970297,0.061386138613861385,0.06871651128847128,0.8933244348823668,0.7861386138613862,0.9005940594059406,704,0.03835227272727273,1.4149264622567566
01042,安達昭夫,1206,0.05306799336650083,0.15754560530679934,843,0.009489916963226572,0.03202846975088968,0.066429418742586,0.07198728050001894,0.922793836371809,0.7805456702253856,0.3943060498220641,579,0.03626943005181347,1.4133351723459142
01079,古賀慎明,1295,0.06254826254826255,0.22393822393822393,721,0.019417475728155338,0.049930651872399444,0.09153952843273232,0.0820236774471802,1.116013464425317,0.6574202496532594,0.6743411927877947,444,0.04954954954954955,1.4062851000634546
01093,松永康利,1271,0.025963808025177025,0.12667191188040913,987,0.004052684903748734,0.029381965552178316,0.06382978723404255,0.06764584094983352,0.9435877555484753,0.7416413373860182,0.4734549138804458,704,0.036931818181818184,1.4052539729728084
01171,小手川準,1441,0.03261623872310895,0.14989590562109645,1021,0.010773751224289911,0.03232125367286973,0.07149853085210578,0.07640010526934249,0.9358433551896742,0.7433888344760039,0.4810969637610186,658,0.044072948328267476,1.4038589414919977
01027,田村康仁,1792,0.07700892857142858,0.23046875,914,0.02516411378555799,0.05470459518599562,0.08424507658643327,0.0837703859697088,1.0056665683371222,0.700218818380744,0.9885120350109409,511,0.05283757338551859,1.3983148597364734
00436,堀井雅広,660,0.04393939393939394,0.18333333333333332,425,0.011764705882352941,0.04,0.08705882352941176,0.07832835547057318,1.1114598666905307,0.7129411764705882,0.41341176470588237,259,0.05791505791505792,1.3970847244722362
01169,加藤士津,1508,0.07161803713527852,0.23275862068965517,807,0.01858736059479554,0.06319702602230483,0.10161090458488228,0.08747979482287915,1.1615356985074607,0.6146220570012392,1.5532837670384139,430,0.07674418604651163,1.3917595271273195
01149,松下武士,1633,0.07654623392529088,0.21249234537660747,915,0.018579234972677595,0.04480874316939891,0.08633879781420765,0.08415737768085374,1.0259207236901609,0.6808743169398908,0.6387978142076502,527,0.04743833017077799,1.3872907784174318
01111,鈴木孝志,1517,0.08042188529993408,0.23862887277521425,768,0.0234375,0.048177083333333336,0.09635416666666667,0.08906062168799356,1.0818941619813145,0.6614583333333334,0.7243489583333333,416,0.052884615384615384,1.3848078848170906
01150,池上昌和,1297,0.07632999228989977,0.2382420971472629,743,0.018842530282637954,0.05114401076716016,0.0901749663526245,0.08048584393791157,1.1203829386716415,0.6406460296096904,0.5664872139973082,450,0.06,1.382042801586217
01110,清水久詞,2688,0.08519345238095238,0.2604166666666667,1254,0.019138755980861243,0.05422647527910686,0.09649122807017543,0.09266179053043855,1.0413270401728203,0.638755980861244,0.5253588516746411,621,0.0499194847020934,1.382008730555364
01115,菊沢隆徳,1424,0.08918539325842696,0.2612359550561798,661,0.019667170953101363,0.0529500756429652,0.09984871406959153,0.09247150293257826,1.0797782116982793,0.6747352496217852,1.1360060514372163,331,0.0755287009063444,1.378053879805481
01123,牧田和弥,1595,0.05579937304075235,0.17366771159874608,993,0.011077542799597181,0.03726082578046324,0.07452165156092648,0.0774189535707427,0.9625763217379479,0.7119838872104733,0.37885196374622354,621,0.043478260869565216,1.377415881132941
01085,小崎憲,1436,0.052924791086350974,0.17061281337047354,919,0.014145810663764961,0.03917301414581066,0.07290533188248095,0.07611713171842306,0.9578045078232403,0.7236126224156693,0.44189336235038085,597,0.03685092127303183,1.3773589542042044
01118,高柳瑞樹,1263,0.0768012668250198,0.24069675376088678,625,0.0304,0.0592,0.0976,0.08678192370297311,1.124658175751597,0.6512,0.97232,335,0.056716417910447764,1.3733407924151415
01075,矢作芳人,2894,0.10608154803040774,0.27816171389080857,1201,0.026644462947543714,0.05245628642797669,0.09658617818484597,0.09085329961975279,1.0631003891888013,0.6253122398001665,0.8716902581182348,630,0.05873015873015873,1.37285752530284
01167,稲垣幸雄,1117,0.07699194270367055,0.22470904207699194,663,0.01809954751131222,0.05128205128205128,0.08446455505279035,0.07570500328791163,1.115706378501372,0.6485671191553545,0.8312217194570136,427,0.0585480093676815,1.3693193164674466
01055,藤原英昭,1651,0.13022410660205935,0.32222895215021197,524,0.026717557251908396,0.06297709923664122,0.11450381679389313,0.09394341830463773,1.2188593821717513,0.6145038167938931,1.3440839694656488,261,0.09961685823754789,1.3661221856655112
01193,緒方努,607,0.03789126853377265,0.14662273476112025,441,0.0045351473922902496,0.036281179138321996,0.07256235827664399,0.07357685630372,0.986211723658208,0.7755102040816326,0.41201814058956915,293,0.03754266211604096,1.3566558715707993
01196,西園翔太,634,0.083596214511041,0.25709779179810727,324,0.009259259259259259,0.05246913580246913,0.10185185185185185,0.08989536514254769,1.133004484606572,0.7098765432098766,0.37808641975308643,172,0.05813953488372093,1.354661973340633
00427,森秀行,1704,0.09330985915492958,0.24413145539906103,870,0.020689655172413793,0.04597701149425287,0.0896551724137931,0.08426333711066873,1.0639879155989622,0.6436781609195402,0.9270114942528735,486,0.059670781893004114,1.3501203961741197
00422,五十嵐忠,740,0.07027027027027027,0.2418918918918919,367,0.01907356948228883,0.05449591280653951,0.1008174386920981,0.08769719660899226,1.1496084548928502,0.6811989100817438,0.7727520435967302,196,0.07142857142857142,1.3473232504651675
01032,大根田裕,1218,0.05008210180623974,0.1724137931034483,835,0.010778443113772455,0.031137724550898204,0.06706586826347305,0.07278192870579192,0.9214631908777103,0.7461077844311377,1.0718562874251496,551,0.045372050816696916,1.3471236109686908
01147,武井亮,1602,0.08177278401997504,0.25530586766541824,788,0.017766497461928935,0.04949238578680203,0.08883248730964467,0.08569050928669031,1.0366665812714733,0.6687817258883249,0.6921319796954315,450,0.05333333333333334,1.3467920716726314
01199,千葉直人,359,0.06685236768802229,0.233983286908078,227,0.013215859030837005,0.039647577092511016,0.09251101321585903,0.0789781064036247,1.1713501048388424,0.7268722466960352,0.4555066079295154,142,0.07746478873239436,1.3461505242110574
01177,伊坂重信,1132,0.04858657243816254,0.15459363957597172,753,0.014608233731739707,0.029216467463479414,0.0703851261620186,0.07308677247233146,0.9630350852976081,0.7237715803452855,0.4802124833997344,516,0.046511627906976744,1.3447964878840137
01041,藤沢則雄,1080,0.023148148148148147,0.09814814814814815,882,0.0045351473922902496,0.017006802721088437,0.05215419501133787,0.06136083821258387,0.8499589727025941,0.7993197278911565,0.15215419501133787,668,0.029940119760479042,1.342030729646751
01028,西園正都,1910,0.09633507853403141,0.256020942408377,897,0.017837235228539576,0.044593088071348944,0.08807134894091416,0.08624134410522315,1.0212195769288825,0.6633221850613155,0.5673355629877369,499,0.056112224448897796,1.3414199348137705
01074,奥平雅士,1303,0.04834996162701458,0.17421335379892555,868,0.01728110599078341,0.03456221198156682,0.06912442396313365,0.07289102172119476,0.948325628189598,0.716589861751152,0.8432027649769586,572,0.03146853146853147,1.3392068789018425
01160,武幸四郎,1536,0.10872395833333333,0.314453125,578,0.02768166089965398,0.07785467128027682,0.11418685121107267,0.09635989419184565,1.1850039081999697,0.6072664359861591,0.8264705882352941,273,0.06593406593406594,1.3330499862390335
01143,和田雄二,1470,0.03197278911564626,0.12857142857142856,1098,0.010018214936247723,0.023679417122040074,0.05191256830601093,0.061771855234681775,0.8403919245874397,0.7750455373406193,0.5581056466302368,820,0.024390243902439025,1.3281349252261705
01148,西村真幸,1685,0.08724035608308606,0.257566765578635,740,0.02027027027027027,0.05540540540540541,0.09594594594594595,0.0892486059369788,1.0750413963182388,0.6391891891891892,1.200135135135135,387,0.09560723514211886,1.3222878630041284
01138,浜田多実,1497,0.06947227788911156,0.19906479625918505,912,0.015350877192982455,0.04057017543859649,0.0756578947368421,0.07825254836424386,0.9668425670263878,0.6885964912280702,0.6173245614035088,577,0.03292894280762565,1.321594926820801
01128,今野貞一,1439,0.08269631688672689,0.21056289089645588,779,0.024390243902439025,0.043645699614890884,0.08600770218228498,0.08491862349853124,1.0128249686451003,0.6726572528883183,1.1423620025673942,442,0.05203619909502263,1.3211670676889247
01164,安田翔伍,1358,0.10309278350515463,0.3026509572901325,500,0.024,0.056,0.106,0.09252441532272775,1.1456435539772831,0.636,0.6744,249,0.04417670682730924,1.319050154858398
01131,蛯名利弘,1335,0.020224719101123594,0.08314606741573034,1154,0.00779896013864818,0.02339688041594454,0.047660311958405546,0.0580611647980508,0.820863861828786,0.7824956672443674,0.3551126516464471,887,0.02254791431792559,1.3190395497153409
01154,橋口慎介,1486,0.09892328398384927,0.2853297442799462,557,0.02333931777378815,0.05565529622980251,0.10771992818671454,0.0917850063254585,1.173611382721408,0.6086175942549371,0.7960502692998205,273,0.054945054945054944,1.3154872871307217
01188,畑端省吾,916,0.04148471615720524,0.16703056768558952,657,0.0121765601217656,0.0487062404870624,0.076103500761035,0.07782417137390546,0.9778902803268729,0.7077625570776256,0.5855403348554034,416,0.05048076923076923,1.3078879238006136
01159,高柳大輔,1488,0.09879032258064516,0.2856182795698925,621,0.02576489533011272,0.05314009661835749,0.09500805152979067,0.08878164638854345,1.0701316701652277,0.6521739130434783,0.9880837359098229,318,0.04716981132075472,1.3074090128014064
01056,本間忍,1245,0.028112449799196786,0.11566265060240964,990,0.012121212121212121,0.03333333333333333,0.05353535353535353,0.06259408111434006,0.8552782081353821,0.7595959595959596,0.6529292929292929,740,0.033783783783783786,1.305147375755951
01068,小島茂之,1342,0.06259314456035768,0.18926974664679583,863,0.019698725376593278,0.04519119351100811,0.07415990730011587,0.07819953499526328,0.9483420496631841,0.6987253765932793,1.0271147161066048,557,0.05026929982046679,1.3047297881930229
01067,久保田貴,1451,0.08959338387319091,0.25223983459682975,704,0.019886363636363636,0.05823863636363636,0.08664772727272728,0.08670669520128842,0.9993199149336248,0.6818181818181818,1.9022727272727273,396,0.05303030303030303,1.3012446571512295
01101,吉田直弘,1392,0.0617816091954023,0.1997126436781609,836,0.011961722488038277,0.04066985645933014,0.07775119617224881,0.08282178690609546,0.9387770908686652,0.7069377990430622,0.42320574162679425,478,0.03556485355648536,1.300614899606456
01116,新開幸一,1191,0.052057094878253565,0.1704450041981528,774,0.016795865633074936,0.03875968992248062,0.06589147286821706,0.07002043273504584,0.9410320715604176,0.7131782945736435,0.7600775193798449,546,0.038461538461538464,1.3002068556449418
01088,高木登,1614,0.09417596034696406,0.26270136307311026,776,0.020618556701030927,0.05412371134020619,0.08891752577319588,0.08735194347621561,1.0179226956456504,0.6572164948453608,0.8125,434,0.04838709677419355,1.2965861409844743
01048,畠山吉宏,1519,0.052666227781435156,0.17906517445687953,944,0.01694915254237288,0.03389830508474576,0.06885593220338983,0.07736218228241386,0.8900464047411226,0.7298728813559322,0.48379237288135596,597,0.03685092127303183,1.2960653363361543
01195,嘉藤貴行,719,0.09040333796940195,0.2614742698191933,351,0.019943019943019943,0.05413105413105413,0.10256410256410256,0.0843613315974517,1.21577149888422,0.6239316239316239,1.5965811965811967,209,0.07655502392344497,1.2952599259283109
01011,松田国英,261,0.11877394636015326,0.3524904214559387,111,0.009009009009009009,0.04504504504504504,0.11711711711711711,0.09184218769712536,1.2751995575643593,0.7387387387387387,0.17567567567567569,56,0.07142857142857142,1.2944170054956945
01082,平田修,1527,0.06614276358873608,0.2017026850032744,891,0.014590347923681257,0.04826038159371493,0.07631874298540965,0.08026657907039315,0.9508159419436416,0.6868686868686869,0.5506172839506173,542,0.03505535055350553,1.2920011937787717
00431,谷潔,1390,0.045323741007194246,0.17913669064748203,914,0.010940919037199124,0.03282275711159737,0.06345733041575492,0.07397265714664851,0.8578484654127365,0.7582056892778993,0.5843544857768053,605,0.04462809917355372,1.2915606331233858
01114,和田正一,1245,0.07068273092369477,0.22329317269076304,754,0.014588859416445624,0.04111405835543767,0.07161803713527852,0.07296825684423151,0.9814957932757614,0.6790450928381963,0.4793103448275862,503,0.041749502982107355,1.2861358920513624
01144,池添学,1506,0.12284196547144755,0.31806108897742363,538,0.031598513011152414,0.0687732342007435,0.11524163568773234,0.09362630588289826,1.2308681262279977,0.5687732342007435,0.88364312267658,257,0.058365758754863814,1.2822804188050065
01157,杉山晴紀,2144,0.12919776119402984,0.3278917910447761,758,0.021108179419525065,0.048812664907651716,0.09762532981530343,0.09410217484875155,1.0374396763115685,0.6398416886543535,0.7275725593667546,374,0.06417112299465241,1.2819802886424059
01040,服部利之,703,0.03840682788051209,0.10384068278805121,590,0.01694915254237288,0.02711864406779661,0.05084745762711865,0.062231344400516975,0.8170714953523684,0.8423728813559322,0.5866101694915254,448,0.03571428571428571,1.2791163316166965
01104,笹田和秀,1249,0.06084867894315452,0.1969575660528423,760,0.014473684210526316,0.04078947368421053,0.06973684210526315,0.0746966749285983,0.9336003533212663,0.7065789473684211,0.603421052631579,508,0.03937007874015748,1.2745003415015415
01020,相沢郁,1606,0.062266500622665005,0.20485678704856788,901,0.018867924528301886,0.04772475027746948,0.08213096559378469,0.08272122346658746,0.9928644929551702,0.6470588235294118,0.9740288568257491,529,0.054820415879017016,1.2730298830317628
01162,田中博康,1270,0.14724409448818898,0.352755905511811,369,0.016260162601626018,0.05420054200542006,0.11653116531165311,0.09793292420318012,1.1899079524051326,0.6205962059620597,0.4842818428184282,173,0.05202312138728324,1.271653036113893
01070,堀宣行,1345,0.17472118959107807,0.38215613382899627,339,0.02654867256637168,0.07964601769911504,0.12979351032448377,0.10121748606776626,1.2823229993835803,0.584070796460177,0.9017699115044248,150,0.07333333333333333,1.2713181717779012
01105,須貝尚介,1864,0.12446351931330472,0.3208154506437768,654,0.024464831804281346,0.05504587155963303,0.0963302752293578,0.09310873215357496,1.0345997953282102,0.6498470948012233,0.7350152905198777,331,0.06042296072507553,1.2696103351507406
01062,藤岡健一,1582,0.10303413400758533,0.2743362831858407,661,0.03328290468986384,0.057488653555219364,0.09379727685325265,0.08689461515894936,1.079437162840031,0.6217851739788199,1.340998487140696,368,0.07336956521739131,1.269509535771326
01059,加藤征弘,1577,0.10906785034876347,0.2783766645529486,665,0.021052631578947368,0.06015037593984962,0.0887218045112782,0.08436347564881651,1.0516613241564905,0.637593984962406,0.695639097744361,368,0.05434782608695652,1.269465662285171
01021,池添兼雄,877,0.05131128848346636,0.2006841505131129,501,0.013972055888223553,0.03792415169660679,0.08183632734530938,0.0819299834282155,0.9988568765794005,0.7005988023952096,0.9077844311377246,299,0.05351170568561873,1.2672625846932752
01153,中舘英二,1501,0.09193870752831446,0.25383077948034644,692,0.023121387283236993,0.05491329479768786,0.0968208092485549,0.09272681475345315,1.0441511390851403,0.6358381502890174,0.921242774566474,338,0.05621301775147929,1.264612344870218
01084,梅田智之,1554,0.055341055341055344,0.1731016731016731,990,0.01717171717171717,0.03434343434343434,0.06767676767676768,0.07793896686839216,0.8683303153228443,0.7242424242424242,0.9915151515151515,621,0.05314009661835749,1.2633928838131783
01156,青木孝文,1630,0.04785276073619632,0.16809815950920245,1138,0.01054481546572935,0.028119507908611598,0.061511423550087874,0.07350624776791459,0.8368189836638288,0.7363796133567663,0.3467486818980668,752,0.027925531914893616,1.262926474988591
01051,岩戸孝樹,1573,0.06357279084551812,0.20470438652256834,895,0.012290502793296089,0.041340782122905026,0.08044692737430167,0.08252700592384815,0.9747951773330312,0.6536312849162011,0.2753072625698324,537,0.040968342644320296,1.2613188424233357
01203,福永祐一,331,0.11782477341389729,0.338368580060423,104,0.0,0.04807692307692308,0.1346153846153846,0.0988402254552715,1.3619493884734466,0.6826923076923077,0.0,48,0.08333333333333333,1.260114429883261
01194,小栗実,633,0.08846761453396525,0.2353870458135861,351,0.022792022792022793,0.03418803418803419,0.08547008547008547,0.07995513589761091,1.068975551233343,0.6894586894586895,0.6236467236467237,213,0.051643192488262914,1.2584732673127812
00411,浅見秀一,751,0.07723035952063914,0.2210386151797603,394,0.027918781725888325,0.06345177664974619,0.09390862944162437,0.09248047397752378,1.0154427783798738,0.7106598984771574,0.8362944162436549,189,0.0582010582010582,1.2564315922434997
01119,田中剛,1172,0.0537542662116041,0.19539249146757678,761,0.01576872536136662,0.03810775295663601,0.07621550591327202,0.07655334256680194,0.9955869117898397,0.6517739816031537,0.9036793692509856,494,0.05465587044534413,1.2539505360470942
00408,田中清隆,444,0.024774774774774775,0.12162162162162163,347,0.01440922190201729,0.037463976945244955,0.069164265129683,0.06899068532581797,1.0025159889780089,0.7319884726224783,0.38962536023054756,248,0.04032258064516129,1.2505936549867742
00423,上原博之,1302,0.05683563748079877,0.20967741935483872,771,0.014267185473411154,0.038910505836575876,0.07522697795071336,0.07646907832382588,0.9837568282456267,0.6562905317769131,0.7952010376134889,494,0.0465587044534413,1.2500878950820435
01100,松山将樹,1309,0.029793735676088617,0.12681436210847977,1003,0.010967098703888335,0.0259222333000997,0.053838484546360914,0.06672956587743314,0.8068160468067456,0.7676969092721835,0.5912263210368893,735,0.02585034013605442,1.2466757117600822
01129,高橋義忠,1481,0.07765023632680622,0.2187711006076975,799,0.02127659574468085,0.0425531914893617,0.08135168961201501,0.08446820477428549,0.9631042808285274,0.6645807259073843,0.8594493116395494,463,0.04967602591792657,1.2459441317663384
01064,武藤善則,1623,0.061614294516327786,0.20147874306839186,1005,0.008955223880597015,0.031840796019900496,0.07164179104477612,0.07925902051153488,0.9038944789173846,0.6845771144278607,0.21990049751243781,617,0.04213938411669368,1.245817176870318
01086,斎藤誠,2202,0.09037238873751136,0.254314259763851,1009,0.019821605550049554,0.05153617443012884,0.08424182358771061,0.08648248638699847,0.9740911380685661,0.6342913776015857,0.9666997026759168,568,0.058098591549295774,1.2446630693117533
01201,森一誠,265,0.12452830188679245,0.30566037735849055,119,0.03361344537815126,0.058823529411764705,0.1092436974789916,0.08658276830642989,1.2617256252694666,0.7058823529411765,1.2949579831932774,68,0.04411764705882353,1.2416712159476397
01189,堀内岳志,870,0.029885057471264367,0.13333333333333333,652,0.010736196319018405,0.02607361963190184,0.05828220858895705,0.06873166006473402,0.8479674219139288,0.7730061349693251,0.3610429447852761,468,0.02564102564102564,1.237212014989048
01035,佐藤吉勝,1234,0.01539708265802269,0.07617504051863858,1084,0.006457564575645757,0.021217712177121772,0.0470479704797048,0.05954952661404469,0.7900645589449335,0.7675276752767528,0.3552583025830258,836,0.034688995215311005,1.2342235398289552
01141,尾形和幸,1424,0.05407303370786517,0.16713483146067415,923,0.014084507042253521,0.03683640303358613,0.06500541711809317,0.07251365497734967,0.8964576001361154,0.6923076923076923,0.4260021668472373,620,0.04032258064516129,1.234153102750694
00438,安田隆行,1555,0.1067524115755627,0.30610932475884245,529,0.015122873345935728,0.043478260869565216,0.09262759924385633,0.09001233093052088,1.0290545560402622,0.6540642722117203,0.29584120982986767,275,0.04,1.2294954511724008
01090,天間昭一,1367,0.016825164594001463,0.08119970738844184,1171,0.004269854824935952,0.02220324508966695,0.04355251921434671,0.058265504884376526,0.7474837693550135,0.7976088812980359,0.5887275832621691,921,0.02714440825190011,1.2268611348166107
01145,奥村武,1290,0.09689922480620156,0.23565891472868217,631,0.02377179080824089,0.05071315372424723,0.08399366085578447,0.08437566940643337,0.9954725271712064,0.6545166402535658,0.9207606973058637,377,0.04509283819628647,1.2235908682291001
01061,友道康夫,1663,0.15935057125676488,0.3872519542994588,395,0.017721518987341773,0.060759493670886074,0.11139240506329114,0.09435599901579061,1.1805545617152489,0.5949367088607594,0.5377215189873418,198,0.08080808080808081,1.2233818581964728
01134,高橋文雅,1229,0.043124491456468676,0.1741253051261188,831,0.006016847172081829,0.03369434416365824,0.06016847172081829,0.0709720781777088,0.8477766646505815,0.7364620938628159,0.2592057761732852,566,0.038869257950530034,1.222503373590799
01109,伊藤大士,1653,0.04597701149425287,0.17664851784633998,1011,0.01483679525222552,0.040553907022749754,0.0702274975272008,0.08000595469504695,0.8777783828076546,0.6874381800197824,0.8077151335311573,620,0.041935483870967745,1.2159231028544266
01077,加藤和宏,1271,0.016522423288749016,0.08575924468922108,1069,0.005612722170252572,0.01683816651075772,0.04583723105706267,0.059210876376160015,0.7741353255078327,0.7717492984097287,0.348643592142189,840,0.02738095238095238,1.2135689064878425
01087,庄野靖志,1461,0.06913073237508556,0.2272416153319644,808,0.019801980198019802,0.04084158415841584,0.06806930693069307,0.07715025422122122,0.8822953030784659,0.7017326732673267,0.5252475247524753,497,0.04426559356136821,1.2072282663820397
01017,萩原清,1063,0.11665098777046096,0.31702728127939794,389,0.033419023136246784,0.061696658097686374,0.10539845758354756,0.09243437810500386,1.1402517087724302,0.6066838046272494,1.367866323907455,202,0.06930693069306931,1.2018724815864643
01052,菊川正達,1504,0.04521276595744681,0.14960106382978725,1033,0.012584704743465635,0.03581800580832527,0.06582768635043562,0.07453875323728563,0.8831337189244456,0.6727976766698935,0.7120038722168441,676,0.038461538461538464,1.2010088654724407
00362,橋田満,593,0.06239460370994941,0.19224283305227655,356,0.011235955056179775,0.047752808988764044,0.09269662921348315,0.08651592261342347,1.0714401050506823,0.651685393258427,0.3946629213483146,208,0.052884615384615384,1.195135845589416
01106,牧光二,1832,0.06331877729257641,0.20796943231441048,1017,0.015732546705998034,0.04031465093411996,0.07866273352999016,0.08350243801977467,0.9420411594612557,0.6283185840707964,0.6682399213372665,609,0.03776683087027915,1.1937357884070434
01083,松永昌博,957,0.07314524555903866,0.23510971786833856,509,0.011787819253438114,0.047151277013752456,0.07072691552062868,0.07592092619833737,0.9315865738500113,0.7053045186640472,0.2632612966601179,323,0.03715170278637771,1.1928796364670964
01076,小笠倫弘,1323,0.06651549508692366,0.18442932728647016,861,0.019744483159117306,0.04529616724738676,0.06852497096399536,0.07815662422746113,0.8767647226492981,0.6910569105691057,1.0411149825783972,543,0.03867403314917127,1.192606185066329
01127,栗田徹,1649,0.08368708308065494,0.25651910248635534,684,0.014619883040935672,0.05116959064327485,0.0847953216374269,0.08749981891725545,0.9690913956932178,0.6461988304093568,0.4669590643274854,377,0.04509283819628647,1.1907120824418018
01022,石坂正,345,0.09855072463768116,0.263768115942029,169,0.01775147928994083,0.047337278106508875,0.10650887573964497,0.08553939321630351,1.2451441579707716,0.6390532544378699,0.3816568047337278,96,0.10416666666666667,1.1900521254955398
01117,高野友和,1532,0.1174934725848564,0.3276762402088773,540,0.009259259259259259,0.044444444444444446,0.08333333333333333,0.0901579611924284,0.9243036580593371,0.7018518518518518,0.33611111111111114,275,0.07636363636363637,1.1889076336966498
01094,水野貴広,1668,0.043764988009592325,0.16486810551558753,1109,0.008115419296663661,0.029756537421100092,0.060414788097385035,0.07469463858285752,0.8088236216628576,0.7195671776375113,0.5691614066726781,728,0.03571428571428571,1.1884353109956556
01172,新谷功一,1438,0.07510431154381085,0.22253129346314326,767,0.00651890482398957,0.03650586701434159,0.07431551499348109,0.07898937261889379,0.9408292853778821,0.651890482398957,0.1651890482398957,471,0.040339702760084924,1.1865954379270691
01158,寺島良,1991,0.08689100954294325,0.25062782521346055,880,0.023863636363636365,0.06136363636363636,0.09204545454545454,0.09605216917797357,0.9582860578078664,0.625,1.0401136363636363,402,0.06716417910447761,1.1826982369865546
01058,大久保龍,1524,0.12401574803149606,0.2979002624671916,575,0.019130434782608695,0.04695652173913043,0.08695652173913043,0.09030506957734545,0.9629196029205535,0.6521739130434783,0.5829565217391305,291,0.041237113402061855,1.1623743644687132
01096,粕谷昌央,1310,0.0183206106870229,0.09312977099236641,1068,0.0046816479400749065,0.020599250936329586,0.04400749063670412,0.06107359920944292,0.7205648792006987,0.7874531835205992,0.35,822,0.030413625304136254,1.15242037066275
01186,中村直也,963,0.07995846313603323,0.23468328141225336,518,0.011583011583011582,0.032818532818532815,0.07335907335907337,0.08237388695700845,0.8905622408878194,0.7084942084942085,0.56003861003861,308,0.02922077922077922,1.1487200513889855
01176,吉岡辰弥,1312,0.11661585365853659,0.3003048780487805,545,0.022018348623853212,0.047706422018348627,0.08807339449541285,0.09262839189400404,0.950825040730454,0.6568807339449542,0.7412844036697248,276,0.03985507246376811,1.1463296223198853
00417,土田稔,1197,0.018379281537176273,0.11278195488721804,894,0.003355704697986577,0.01901565995525727,0.050335570469798654,0.06478277278899479,0.7769900592823898,0.7449664429530202,0.10268456375838926,662,0.030211480362537766,1.1456699091539906
01049,南井克巳,899,0.06674082313681869,0.25361512791991103,445,0.011235955056179775,0.033707865168539325,0.07415730337078652,0.08195031677773988,0.9049056341284312,0.7101123595505618,0.3442696629213483,266,0.03759398496240601,1.1415218630377095
01057,湯窪幸雄,274,0.051094890510948905,0.1678832116788321,190,0.021052631578947368,0.031578947368421054,0.07368421052631578,0.07503496508735917,0.9819983315848715,0.7578947368421053,1.9526315789473685,116,0.04310344827586207,1.1383302984005328
01054,戸田博文,1507,0.0537491705374917,0.2090245520902455,860,0.009302325581395349,0.030232558139534883,0.06511627906976744,0.08075393876786562,0.8063542170611638,0.7127906976744186,0.39488372093023255,517,0.04642166344294004,1.1311324792253474
01005,小桧山悟,1420,0.02535211267605634,0.09154929577464789,1181,0.009314140558848433,0.018628281117696866,0.04149026248941575,0.06085364867455012,0.6818040231459052,0.8027095681625741,0.4703640982218459,905,0.027624309392265192,1.1275699980611367
01044,昆貢,1183,0.07945900253592561,0.25612848689771767,559,0.017889087656529516,0.04830053667262969,0.08765652951699464,0.09357711239385452,0.9367304384009961,0.6529516994633273,0.8316636851520572,270,0.06666666666666667,1.1270914322321746
01012,大江原哲,807,0.04337050805452292,0.1288723667905824,617,0.017828200972447326,0.03241491085899514,0.05348460291734198,0.06772011084446751,0.789789063402153,0.7617504051863857,0.5568881685575364,440,0.025,1.1258975360653005
00437,南田美知,1330,0.021052631578947368,0.07969924812030076,1154,0.008665511265164644,0.021663778162911613,0.0415944540727903,0.060656152859207314,0.6857417114688713,0.7954939341421143,0.3918544194107452,877,0.02508551881413911,1.1202170512400647
01089,武市康男,1650,0.04424242424242424,0.15818181818181817,1102,0.008166969147005444,0.02722323049001815,0.056261343012704176,0.0726515272603597,0.7744000041607058,0.7087114337568058,0.3583484573502722,736,0.029891304347826088,1.1196780584399142
01097,鹿戸雄一,1700,0.10823529411764705,0.29705882352941176,695,0.017266187050359712,0.041726618705035974,0.0776978417266187,0.08830014945025014,0.8799287680752459,0.6647482014388489,0.7247482014388489,382,0.03926701570680628,1.114907577110498
01133,黒岩陽一,1285,0.0980544747081712,0.2389105058365759,688,0.0188953488372093,0.04215116279069767,0.07122093023255814,0.08347369133215209,0.853214097710874,0.6802325581395349,0.5527616279069767,400,0.0375,1.1045322240275768
01151,斉藤崇史,1672,0.13696172248803828,0.32476076555023925,573,0.02268760907504363,0.05759162303664921,0.09075043630017451,0.09619992692318326,0.9433524452948886,0.6300174520069808,0.6376963350785341,278,0.05755395683453238,1.099464995152067
00421,浅野洋一,668,0.017964071856287425,0.0658682634730539,593,0.01011804384485666,0.025295109612141653,0.04384485666104553,0.05980114583638899,0.7331775344405849,0.8026981450252951,0.42259696458684654,465,0.03225806451612903,1.0945899241699975
01187,西田雄一,821,0.05115712545676005,0.19123020706455543,503,0.011928429423459244,0.039761431411530816,0.06958250497017893,0.07696026917343485,0.9041354158126752,0.6679920477137177,1.1868787276341948,321,0.04672897196261682,1.0944006173348317
01170,坂口智康,1319,0.05458680818802123,0.17361637604245642,840,0.009523809523809525,0.02738095238095238,0.05476190476190476,0.07311315933985918,0.7490020299539998,0.7321428571428571,0.5136904761904761,557,0.04488330341113106,1.075452962018654
01031,伊藤伸一,1258,0.029411764705882353,0.08664546899841018,1078,0.012059369202226345,0.021335807050092765,0.04081632653061224,0.06190071593937946,0.659383755279736,0.7912801484230055,0.8093692022263451,805,0.02360248447204969,1.0611114746998425
01102,大竹正博,1461,0.09787816563997262,0.2511978097193703,688,0.020348837209302327,0.04941860465116279,0.07122093023255814,0.08282897824436987,0.8598552311298038,0.6453488372093024,0.7401162790697674,394,0.050761421319796954,1.0560459679252465
01184,四位洋文,1028,0.09922178988326848,0.28599221789883267,429,0.016317016317016316,0.05128205128205128,0.08624708624708624,0.0904357240340457,0.9536838143145445,0.627039627039627,0.8540792540792541,216,0.05092592592592592,1.0559528739080213
01206,高橋一哉,384,0.049479166666666664,0.1640625,252,0.023809523809523808,0.03968253968253968,0.07539682539682539,0.07522751102816169,1.002250697468913,0.6507936507936508,1.0527777777777778,171,0.05847953216374269,1.051023054701475
00435,藤原辰雄,377,0.026525198938992044,0.1220159151193634,275,0.007272727272727273,0.025454545454545455,0.06181818181818182,0.06768394920401159,0.9133359170850197,0.7018181818181818,0.2349090909090909,193,0.025906735751295335,1.0491166300185917
00399,国枝栄,1730,0.12947976878612716,0.32716763005780347,532,0.02631578947368421,0.06954887218045112,0.09586466165413533,0.09793661752177645,0.9788439102751286,0.5789473684210527,0.624624060150376,244,0.06967213114754098,1.0361228117296852
01071,池江泰寿,1818,0.11496149614961496,0.3162816281628163,626,0.019169329073482427,0.0463258785942492,0.08146964856230032,0.08948465268045781,0.910431522299378,0.6054313099041534,0.5356230031948882,337,0.04747774480712166,1.0338634565863996
01181,茶木太樹,1105,0.07149321266968325,0.21447963800904976,608,0.009868421052631578,0.03618421052631579,0.07072368421052631,0.0843340142477299,0.8386139903500449,0.6595394736842105,0.3539473684210526,349,0.02865329512893983,1.0327267552478185
01126,木村哲也,1150,0.1817391304347826,0.41304347826086957,251,0.0199203187250996,0.05179282868525897,0.11952191235059761,0.10426342957025643,1.1463454908708857,0.5537848605577689,0.8079681274900399,95,0.06315789473684211,1.0222055297828627
01047,勢司和浩,1076,0.02973977695167286,0.10408921933085502,839,0.0059594755661501785,0.021454112038140644,0.04648390941597139,0.06533332856971587,0.7114884613045447,0.7282479141835518,0.17437425506555423,614,0.026058631921824105,1.015974890726935
01210,前川恭子,166,0.03614457831325301,0.15060240963855423,120,0.008333333333333333,0.075,0.075,0.07405897134150528,1.01270647757387,0.7166666666666667,0.11083333333333334,78,0.05128205128205128,1.0135900244648932
00428,石毛善彦,1021,0.024485798237022526,0.07247796278158668,878,0.0056947608200455585,0.012528473804100227,0.03530751708428246,0.054883409721555525,0.6433185777525661,0.7972665148063781,0.1838268792710706,710,0.02112676056338028,1.0124714784557527
01098,野中賢二,1288,0.10248447204968944,0.2826086956521739,528,0.011363636363636364,0.041666666666666664,0.07954545454545454,0.0905605001926002,0.8783681006209183,0.6287878787878788,0.2988636363636364,270,0.06666666666666667,1.0085978626306245
00359,高橋祥泰,490,0.07346938775510205,0.23469387755102042,291,0.01718213058419244,0.03436426116838488,0.07560137457044673,0.08090164250802825,0.9344850391998463,0.6494845360824743,0.5474226804123712,180,0.05,1.003327128230162
01212,秋山真一,145,0.041379310344827586,0.09655172413793103,109,0.027522935779816515,0.045871559633027525,0.06422018348623854,0.07099859327581044,0.9045275479862029,0.7889908256880734,1.2871559633027523,79,0.0379746835443038,0.9768712355696664
01081,中川公成,1239,0.07183212267958031,0.19612590799031476,738,0.014905149051490514,0.03116531165311653,0.058265582655826556,0.07825798852081527,0.7445320759851747,0.6720867208672087,0.40745257452574524,468,0.02564102564102564,0.9625038279361499
01108,矢野英一,1445,0.05674740484429066,0.19792387543252596,790,0.01139240506329114,0.03417721518987342,0.06329113924050633,0.08330718942833101,0.7597320192269307,0.6354430379746835,0.4079746835443038,465,0.03225806451612903,0.93816429511683
01103,尾関知人,1502,0.07456724367509987,0.21238348868175766,750,0.010666666666666666,0.029333333333333333,0.068,0.08520099558083183,0.7981127396039298,0.6066666666666667,0.4624,437,0.05491990846681922,0.933610868836686
01202,矢嶋大樹,359,0.03899721448467967,0.14484679665738162,240,0.0125,0.0375,0.0625,0.07599484883884915,0.8224241636763349,0.6958333333333333,0.4220833333333333,155,0.03870967741935484,0.9140353069828429
01200,藤野健太,375,0.042666666666666665,0.13066666666666665,279,0.010752688172043012,0.03942652329749104,0.06093189964157706,0.07599689612887998,0.8017682661439907,0.6810035842293907,0.660573476702509,176,0.045454545454545456,0.8959366294773148
01063,的場均,1101,0.015440508628519528,0.05267938237965486,986,0.006085192697768763,0.012170385395537525,0.030425963488843813,0.05534644925008425,0.5497365034451148,0.8103448275862069,0.32210953346855986,792,0.016414141414141416,0.8944153715177825
01175,宮田敬介,1084,0.13099630996309963,0.3145756457564576,371,0.016172506738544475,0.04043126684636118,0.08086253369272237,0.09523582079201054,0.8490768811592584,0.5876010781671159,0.8018867924528302,176,0.045454545454545456,0.8599465907201947
00434,西橋豊治,249,0.04417670682730924,0.10040160642570281,199,0.020100502512562814,0.02512562814070352,0.04020100502512563,0.061342121650335396,0.6553572642022535,0.8391959798994975,2.0487437185929647,151,0.026490066225165563,0.8485565860462311
01214,井上智史,115,0.06956521739130435,0.25217391304347825,68,0.029411764705882353,0.04411764705882353,0.07352941176470588,0.07868073559829353,0.9345287789391312,0.7058823529411765,0.538235294117647,45,0.06666666666666667,0.8133699254334251
00380,柄崎孝,320,0.015625,0.08125,275,0.0036363636363636364,0.01818181818181818,0.03636363636363636,0.061131346799813274,0.5948443518301062,0.7818181818181819,0.10872727272727273,207,0.028985507246376812,0.7611631026671908
01137,中内田充,1416,0.18926553672316385,0.4314971751412429,252,0.031746031746031744,0.03968253968253968,0.0873015873015873,0.10578669335049787,0.8252605742419344,0.5674603174603174,0.8444444444444444,104,0.028846153846153848,0.7546041036126052
00386,藤沢和雄,615,0.14796747967479676,0.36585365853658536,158,0.03164556962025317,0.056962025316455694,0.08860759493670886,0.0949634852782092,0.9330701656233462,0.5443037974683544,1.5962025316455697,77,0.11688311688311688,0.7496716343364268
01163,林徹,1291,0.09450038729666925,0.243996901626646,680,0.010294117647058823,0.025,0.045588235294117645,0.07905522240362006,0.5766631717429725,0.6661764705882353,0.3323529411764706,414,0.01932367149758454,0.7297895624170633
00392,古賀史生,430,0.03255813953488372,0.1511627906976744,279,0.007168458781362007,0.021505376344086023,0.043010752688172046,0.07217225623367288,0.5959457959706245,0.7455197132616488,0.3913978494623656,193,0.02072538860103627,0.7290292009650999
01190,村田一誠,805,0.040993788819875775,0.1565217391304348,523,0.0019120458891013384,0.022944550669216062,0.04780114722753346,0.07852058559704857,0.6087721692861421,0.6481835564053537,0.13996175908221797,332,0.02710843373493976,0.7195018829724598
01030,星野忍,233,0.02575107296137339,0.08583690987124463,183,0.0,0.01092896174863388,0.03825136612021858,0.061548546908289294,0.6214828463329153,0.7486338797814208,0.0,134,0.022388059701492536,0.7065597825075428
01205,佐藤悠太,154,0.09090909090909091,0.2597402597402597,90,0.022222222222222223,0.044444444444444446,0.06666666666666667,0.07695517281884443,0.866305203726885,0.6,0.5055555555555555,57,0.03508771929824561,0.6827831609865869
01197,小椋研介,388,0.03865979381443299,0.14690721649484537,254,0.0,0.011811023622047244,0.04330708661417323,0.07800255340743141,0.5552008841039722,0.7125984251968503,0.0,164,0.024390243902439025,0.6384180253913143
01191,蛯名正義,660,0.09242424242424242,0.27121212121212124,247,0.016194331983805668,0.04048582995951417,0.05668016194331984,0.08675887098153261,0.6533068181049142,0.5910931174089069,0.7931174089068825,142,0.04225352112676056,0.6200064204492316
01053,角居勝彦,295,0.09830508474576272,0.2847457627118644,102,0.0,0.0196078431372549,0.06862745098039216,0.09217130976159571,0.7445641290972153,0.5980392156862745,0.0,53,0.09433962264150944,0.6009764365457012
01009,田所秀孝,330,0.03939393939393939,0.11515151515151516,245,0.004081632653061225,0.012244897959183673,0.0326530612244898,0.07004562323573756,0.46616847300503533,0.7306122448979592,0.053061224489795916,170,0.011764705882352941,0.5460276692092759
